name,address,phone,npi,years_experience,primary_specialty,license_status
Jamie Murphy,"11017 SALAZAR MOTORWAY APT. 900 JENNIFERTON, MI 35873",034-643-2329x259,12558053266,0,,Unknown
Joseph Lang,"671 MARK COMMON KIMFORT, OK 66368",(939)162-8128,16622968267,0,,Unknown
Austin Berg,"084 Rivera Roads East Brandyburgh, PA 02308",219.435.4998,14011476234,0,,Unknown
Thomas Horn,"824 BECKER CLUB SOUTH CHARLES, WA 84741",845-696-4802x5949,18767821330,0,,Unknown
Robert Jenkins,"53753 ADAM RIDGES STEVENVIEW, WI 92052",(712)719-5006,14038976299,0,,Unknown
Paul Dixon,"610 BLAIR BRIDGE WEST ERIN, IA 47995",001-049-085-5029,11810981396,0,,Unknown
Crystal Bush,"711 WILLIAMS PARKWAYS APT. 448 BAUERBURY, KS 85431",032.140.7584x4408,18564597698,0,,Unknown
Eugene Mckinney,"85038 PACHECO PORT SUITE 035 LAKE TAMMYLAND, NH 12478",001-163-134-5376x6528,18653735648,0,,Unknown
Christopher Taylor,USNS WHITE FPO AP 52782,+14144707412,15898589114,0,,Unknown
Scott Kelly,"25769 LAMB DIVIDE VICTORIAVILLE, VA 87545",889.248.1011x3273,14454722343,0,,Unknown
Justin Miller,"76320 FARMER PARKWAYS SUITE 456 REEDFORT, DE 38402",(171)629-3039x20621,18491894007,0,,Unknown
David Parks,"748 CONRAD OVAL MCKENZIEFORT, AL 10974",518-904-0099x215,12105693135,0,,Unknown
Margaret Valdez,"006 JORDAN CANYON GEORGEFURT, HI 93098",+14435620376,14186475051,0,,Unknown
Julie Lewis,"12218 JULIA MILL SUITE 032 WEST ROBERTFORT, AK 81316",(392)131-9312x85236,13960370654,0,,Unknown
Joseph Young,"137 JAMIE LOCKS GONZALEZTOWN, AL 28562",(046)212-3262x191,12902675926,0,,Unknown
Dylan Baker,"668 MURPHY TRAIL APT. 190 DONNABOROUGH, DC 91636",2945565063,16214979822,0,,Unknown
Jessica Moyer,"738 Cardenas Valley Lake Julie, VA 13619",+11554928139,18801505716,0,,Unknown
Emma Johns,"82812 CANNON STREET NORTH CASSANDRA, PA 03048",(807)853-8612x46964,12062007827,0,,Unknown
Haley Reyes,USS DUNN FPO AE 28461,736.974.5870x4536,11374843730,0,,Unknown
Robert Thomas,"761 JAMES FORKS NEW STEVEN, MO 64741",001-593-047-8414x022,15821429778,0,,Unknown
Brian Campos,"3125 Angel Summit Suite 021 South Annette, RI 11312",+11850045196,14347595233,0,,Unknown
Christian Smith,"56767 HUTCHINSON PLAIN GARCIASIDE, MO 35516",179.439.6939x558,16323847932,0,,Unknown
Sandra Brown,"PSC 6274, BOX 7924 APO AP 99402",981.339.1151x9553,16011975664,0,,Unknown
Andrew Carter,"7978 DANA RIDGES SUITE 781 NEW GREGORY, OR 85170",+19543368046,12195837140,0,,Unknown
Jesse Torres,"65213 SARAH COURTS APT. 743 JAMESTON, KY 72306",+14699722214,17648181261,0,,Unknown
Joseph Weber MD,"3438 Jason Branch Suite 466 Debrashire, CT 19732",001-441-901-7303,19985738684,0,,Unknown
Brianna Watson,"6210 RANDY PINE SUITE 954 BRIGGSTOWN, AK 20445",209.599.0676x8802,18888166857,0,,Unknown
Michael Morgan,"19057 Todd Falls Apt. 693 Ellenmouth, NJ 54427",661.805.8877,16148542345,0,,Unknown
Michelle Smith,USNS HERNANDEZ FPO AP 17755,275-492-7630,18770946406,0,,Unknown
Rachel Long,"8269 Rojas Inlet Apt. 339 New Jackborough, NV 97114",829.509.2253x1859,15679138425,0,,Unknown
Michael Contreras,"8837 JEFFERSON FORGE PORT KAITLYNTON, NV 45574",(165)644-8123x93877,16557495692,0,,Unknown
Tyrone Boyd,Unit 7956 Box 7563 DPO AE 93164,+10848253010,14907082272,0,,Unknown
Ashley Murphy,"1891 Vincent Flats Lydialand, AR 94277",040-359-0191x56049,12379758771,0,,Unknown
Madison Duffy,"3739 ELLIOTT VIADUCT APT. 334 SOUTH CASSANDRAPORT, ID 17529",(105)603-4240x160,16987655765,0,,Unknown
Diana Smith,"5119 JOHN ISLE SUITE 136 RICHARDSONTON, AR 88109",(237)100-5934x69366,14359430144,0,,Unknown
Robert Gonzales,"8986 MALLORY CAPE JOHNSONMOUTH, MN 84259",+19332789011,12385333122,0,,Unknown
Gabriel Riley,"100 Darrell Greens Sarahmouth, ME 44055",361.282.1175,17349185126,0,,Unknown
Amber Allen,"8035 DEANNA STREET SUITE 040 PORT COREYBOROUGH, DE 37531",1938149086,12744949518,0,,Unknown
Donald Mercado,"38485 GINA POINTS NICOLEVIEW, AK 64927",(529)069-5817,17949367308,0,,Unknown
Roy Munoz,"256 JOHNSON STREET SUITE 049 NORTH JUSTINHAVEN, RI 13331",398.788.8912x39087,19261967342,0,,Unknown
Robert Barnett,"86750 JERMAINE LODGE APT. 854 NORTH WANDA, MN 73432",001-593-222-4882x8044,16233410939,0,,Unknown
Cheryl Brooks,"7190 Mccormick Walk Suite 928 Chasehaven, CO 51977",001-291-774-9824x0853,14713072276,0,,Unknown
Kristen Mitchell,"985 Joseph Trace Apt. 453 Port Shawnhaven, MS 99220",001-396-899-9873x338,19118470651,0,,Unknown
Ariana Edwards,UNIT 7585 BOX 7384 DPO AE 77915,(230)906-9403,15225695142,0,,Unknown
Jonathan Mills,"371 CYNTHIA RIVER PORT JOSEPH, MA 54422",483.823.0564x0223,18295448768,0,,Unknown
Renee Berger,"925 JOHN ISLANDS KAYLASHIRE, MD 44213",+11781076409,14947145824,0,,Unknown
Michelle Park,"918 RODRIGUEZ CAPE NORTH ANDREW, NH 12232",+10050011407,15222612702,0,,Unknown
Molly Gould,"9875 PENA SHORE PORT WILLIAMCHESTER, DC 66684",+17201601604,16232138195,0,,Unknown
Connor Taylor,"811 Waters Squares Port Carlside, RI 11509",001-790-208-0489,11929708482,0,,Unknown
Maria Harvey,"802 LOPEZ TRACK APT. 448 KRYSTALBURGH, MO 99052",967-061-3732x2627,13693996865,0,,Unknown
Dana Allen,"957 Allen Squares Lake Colleen, NE 09804",+13697724597,16425669004,0,,Unknown
Sara Santos,"27729 Cortez Cliffs Lake Miranda, DE 43454",(146)401-5940x0289,11964116029,0,,Unknown
Jennifer Rivera,"9065 Briggs Canyon Suite 848 West Michellefort, OK 72470",645-096-4275,19183983961,0,,Unknown
Tara Warner,"87439 RUIZ SQUARES SUITE 617 WEST STEVENSIDE, OH 67938",0455067923,13529591597,0,,Unknown
Michelle Jackson,"24225 HARRISON MOUNTAINS PEREZMOUTH, AK 40973",691.024.8907x821,14551995657,0,,Unknown
Brandi Martin,"3222 Andrew Springs Meganville, NJ 54527",+11315243633,18852676502,0,,Unknown
Dr. Joan Rivera,"6393 THOMAS HARBOR VICTORIAFURT, HI 59643",001-344-482-3359x5683,16609732041,0,,Unknown
Mr. Christopher Hill Jr.,USS WILLIAMS FPO AP 84502,(112)144-0657,14282693902,0,,Unknown
David Silva,"038 GARCIA FORDS APT. 083 NEW ASHLEETON, MO 26422",001-426-823-6035x1340,14939339977,0,,Unknown
Erika Clark,"35083 MARIAH TRAIL WILKINSONMOUTH, ND 64853",437.244.2093x712,15684003010,0,,Unknown
Eric Gilbert,"78257 LEWIS CAMP AMYBERG, UT 38087",(286)000-5290x391,17788869683,0,,Unknown
Eric Solis,"4636 HEATHER FORGE JAMESSHIRE, WA 48813",(858)858-8052,18491549962,0,,Unknown
Alec Finley,"12601 MICHELE PLAZA APT. 137 PORT LAURAMOUTH, SC 00698",001-264-040-3181x0063,18995506831,0,,Unknown
Kelly Gardner,"9910 ANDREA BRIDGE BOWMANSTAD, NE 88700",613.795.9471x243,18421977096,0,,Unknown
John Scott,"43144 KELLEY VILLAGES LAKE DYLANSHIRE, MO 53817",161-328-0448x85033,14950089340,0,,Unknown
Meghan Ho,"30127 JENNIFER STREET WEST CHRISTOPHER, ME 95623",163-408-8069x96504,19105736915,0,,Unknown
Erika Cooper,"70898 STANLEY HIGHWAY PAULLAND, ND 65936",430.445.4729x3801,12686260271,0,,Unknown
Brent Phillips,"670 Cantu Villages Apt. 323 Lake Jeffreyview, FL 39995",(951)222-3697,18184485310,0,,Unknown
Gary Vazquez,Unit 1684 Box 6273 DPO AA 05403,9571943619,19440101466,0,,Unknown
Joanna Swanson,USCGC MURRAY FPO AE 02716,201-414-6659x71196,17063386865,0,,Unknown
Carlos Johnson,"1320 MELISSA GROVES SUITE 406 SMITHFURT, ND 25772",+18511306874,12749873370,0,,Unknown
Rhonda Smith,"6534 SARAH VALLEY SUITE 350 DARLENESIDE, CO 69246",001-823-394-7001x03935,14623272663,0,,Unknown
Michelle Brooks,"5202 SHERRY VIEWS APT. 007 WEST HALEYPORT, HI 82183",001-884-897-0145x6235,15550990659,0,,Unknown
Linda Morrison,"6253 Smith Gardens Suite 281 Port Jenniferchester, OR 53172",(445)306-3717x354,16245795714,0,,Unknown
Abigail Nash,"0018 WANG AVENUE APT. 989 TRAVISBOROUGH, IA 67070",512.613.6101x167,13636248983,0,,Unknown
Brandon Osborne,"56449 ANDREW VALLEY APT. 728 LEVISHIRE, MO 68192",(904)335-4786,18784664414,0,,Unknown
Carolyn Hudson,"95640 DANIEL WELL PORT RICHARD, RI 17350",+16398936992,19768978377,0,,Unknown
Ryan Serrano,"047 Kerri Circle West Paul, UT 88172",987.395.1770x800,19634051089,0,,Unknown
Matthew Horne,"3510 CHARLES TRACK EAST BRANDONFURT, WA 32093",(255)041-0781,15869307106,0,,Unknown
Vanessa Graham,"50773 GARY CENTER APT. 524 EAST DENISEBURY, WY 08046",515-015-9796,14130548527,0,,Unknown
James Delgado,"PSC 2752, BOX 3432 APO AA 29238",+14447976746,19988640258,0,,Unknown
Jennifer Gilmore,"313 JEFF CROSSROAD SARATON, DC 46245",118.139.1685x753,14203073312,0,,Unknown
Tonya Rivera,"78124 ANDREW REST APT. 726 PORT TERESAMOUTH, IL 05186",206.191.8114x3271,19560545756,0,,Unknown
Eric Villanueva,"6957 HARVEY LOCKS APT. 349 ALISHAMOUTH, WY 21550",675-900-1433x0001,12265949871,0,,Unknown
Mike Mason,"95597 JACKSON GLEN APT. 997 JOSEPHBOROUGH, PA 75069",157.238.0507x5322,14892429078,0,,Unknown
Jordan Mullins,"PSC 7264, BOX 1562 APO AP 12314",+17592241619,18420196173,0,,Unknown
Maria Clay,"74982 Stein Mills Suite 820 Gomezberg, AL 43315",(438)879-4086,13431764004,0,,Unknown
James White,"940 YVONNE RUN EAST KIMMOUTH, NH 61121",+10664218607,18768061043,0,,Unknown
George Waller,"4919 KATHY ISLE GARCIATOWN, NY 39998",599-583-0041,11424975490,0,,Unknown
Roger Bush,"2904 BENJAMIN CROSSING SUITE 929 ERICTON, RI 43979",049.740.8272,19356892009,0,,Unknown
Madison Wheeler,"9581 Doyle Vista Suite 483 North Travis, NH 31849",5395664068,18397604270,0,,Unknown
Timothy Stout,"399 SCOTT ESTATE SUITE 761 ONEILLBERG, NY 39897",+10081183725,19900082461,0,,Unknown
Chelsea Silva,USNS BRADLEY FPO AP 70060,001-839-728-7609x64856,19171306144,0,,Unknown
Jennifer Wang,"49379 MASON HIGHWAY LAKE TARA, VA 34250",+18532452070,12547524498,0,,Unknown
Debra Kelly,"620 GRAY PARKWAYS WALTERSFORT, ID 33290",(136)510-0171x2413,13876671365,0,,Unknown
Aimee Perez,"6584 JULIE PLAINS SUITE 366 RYANPORT, WA 79764",+10899834882,19993738754,0,,Unknown
Kathleen Cantrell,"2492 RAMIREZ PLAINS NORTH ANDREWVIEW, OH 41912",040.636.7162,19043964856,0,,Unknown
Dominic Davis,"0969 Harris Port Suite 386 Jacksonchester, DE 83224",286.703.1820x44133,19179875372,0,,Unknown
Tina Elliott,"481 STONE MEADOW SUITE 478 WILLIAMSIDE, MI 12867",(151)504-9656,19596267019,0,,Unknown
Steven Frederick,"9863 JENNIFER CANYON RYANTOWN, LA 79041",808-625-9190x77792,14504068059,0,,Unknown
Thomas Williams,"600 Matthew Landing Samueltown, MA 16518",996.529.5821x907,11498497791,0,,Unknown
Samuel Cox,"003 HORN ESTATE NORTH JEFFBOROUGH, KY 61954",+10231058982,15236480352,0,,Unknown
Damon Manning,"390 JOSEPH ISLAND PORT BARBARATON, WY 12985",126-475-1621x703,14297999467,0,,Unknown
Peter Ramirez,"17471 LEE SHORES PORT JOSHUA, IL 83434",5037313997,19441904279,0,,Unknown
Kristen Duke,"07598 MARSHALL ROAD SOUTH REBECCA, KY 38609",282-178-4166x61558,17820089707,0,,Unknown
Joseph Burgess,"17945 Green Well Suite 565 Fowlerstad, OR 02552",001-650-685-2138,11524729150,0,,Unknown
Rachel Cooper,"931 BAKER RAMP APT. 766 EAST SETH, KY 90817",001-422-127-0001x18311,11884261102,0,,Unknown
Kara Washington,"254 TURNER SUMMIT KATHLEENBERG, MO 46756",+12265323581,13817105621,0,,Unknown
James Shaw,"00615 SCHMIDT MEADOWS SUITE 326 LAKE MATTHEWSTAD, SC 73433",088-284-5793,18377442906,0,,Unknown
Courtney Dixon,"402 Moody Mill Amberchester, NY 73103",242-191-4921x0347,19386281442,0,,Unknown
Traci Richards,"665 JARED LODGE SUITE 336 EAST STACEY, MN 47426",483-991-1856x6055,17409618518,0,,Unknown
Kimberly Stokes,"94008 CINDY SPRINGS SUITE 617 EAST CHRISTINABOROUGH, WA 08547",867-214-9282x173,18075185816,0,,Unknown
Michael Webb,"3383 ANDREW CIRCLES NEW BRYANBURGH, DE 99317",678-524-5284x981,18326430489,0,,Unknown
Mary Turner,"557 JOY MILL APT. 939 LEEVIEW, NH 51869",849.389.2668,14239604626,0,,Unknown
Elizabeth Marquez,"47557 LOGAN CAUSEWAY APT. 728 LAKE ELIZABETH, NY 70391",+14920905391,18356301190,0,,Unknown
Barbara Johnson,"7357 RACHEL COVES APT. 310 WILLIAMSTON, AZ 35901",859-944-1524x1980,14358107318,0,,Unknown
Nathaniel Roberts,"PSC 3017, BOX 3917 APO AA 16644",(176)947-2744x7131,16974311253,0,,Unknown
Breanna Taylor,"759 RODRIGUEZ PORTS APT. 654 DIANALAND, NV 87714",(651)652-1141,18850463084,0,,Unknown
Christopher Wilkinson,"6690 MATTHEWS PLACE EAST EMILY, PA 87201",3113795156,15724683568,0,,Unknown
John Hanna,"8630 NELSON ISLE EAST MARGARET, CA 45636",885.593.6288,12111275739,0,,Unknown
Jennifer Saunders,"64205 MELISSA TRAIL PHILLIPSIDE, MS 80773",+15220236250,12148079222,0,,Unknown
Stacey Macias,"5530 KELLY HARBOR ROBINSONBERG, MA 31591",349-540-2270,19620030613,0,,Unknown
Krista Wood,"9352 JACKSON POINT APT. 976 WEST ANTHONYSTAD, NM 42164",(149)258-8123x936,19612150753,0,,Unknown
Mallory Massey,UNIT 9811 BOX 3035 DPO AP 88767,001-089-571-2161x9617,17944380110,0,,Unknown
Samantha Brennan,"6391 MATTHEW FOREST NANCYSTAD, AR 43850",(758)280-4618x3576,18975354875,0,,Unknown
Jesse Booth,"4704 Williams Street East Stephanie, NC 44814",502-981-0618,16664397388,0,,Unknown
Cynthia Campbell,"0551 Kirby Bypass Beanside, WA 09371",251.021.6535x69391,17937286590,0,,Unknown
Linda Clark,UNIT 3362 BOX 3381 DPO AA 93685,(851)211-2039x20540,15213342312,0,,Unknown
Barbara Cunningham,"4100 REEVES CIRCLE CRYSTALVILLE, PA 58625",552.871.8774x4773,11260566369,0,,Unknown
Alicia Roman,"71457 HEBERT ORCHARD CAROLSHIRE, AZ 73479",204-344-7931x21916,11777201699,0,,Unknown
Sheila Price,"7679 HENDERSON TURNPIKE LAKE SHARIMOUTH, OK 81738",540.608.2671x04370,12738755637,0,,Unknown
Zachary Cruz,"431 ESPINOZA RAPIDS EAST JULIEPORT, OR 35035",+17600203346,14124937480,0,,Unknown
Mr. Carlos Brooks,"24784 ROBERT VALLEY SUITE 166 CORYVILLE, MA 86948",186.844.5436x632,19076480265,0,,Unknown
Seth Silva,"4439 Stevens River West Richardberg, TX 70991",001-254-640-1571x2688,19339887647,0,,Unknown
Lawrence Wilson,"189 KHAN ISLE ANTHONYVILLE, SD 17039",(838)674-3576,15468227810,0,,Unknown
Brooke Hall,"9802 BURGESS SHOAL SUITE 228 KRUEGERMOUTH, ID 84202",227.463.0182x01446,15418751759,0,,Unknown
Juan Mills,"474 LINDSAY HEIGHTS APT. 088 LAURAVILLE, VA 59682",001-153-627-2370x3416,14270241579,0,,Unknown
Sierra Kemp,"6457 MCGUIRE FREEWAY COOPERVIEW, NE 67361",434-527-2825x588,12441791702,0,,Unknown
Christopher Trujillo,"16739 STEVEN CIRCLES EAST YOLANDATON, IA 88635",452-214-8742x38072,16522236652,0,,Unknown
Julie Fernandez,"0593 Catherine Fork Apt. 446 New Deborahville, VT 95704",+17611191474,11650805453,0,,Unknown
Micheal Harrington,"411 TOWNSEND UNIONS WEST KARENTON, DE 67751",937.683.2280,19413113994,0,,Unknown
Luis Henry,"403 NICHOLSON PLACE LAKE CHRISTINETOWN, MI 86608",625.733.0370x68312,17871954994,0,,Unknown
Joseph Holmes,"99451 JOEL HILLS NUNEZSTAD, ND 20074",(894)394-2935x63155,15929163648,0,,Unknown
John Rogers,"3280 STEPHEN LOCKS LAKE JOSHUA, MT 20257",030-197-9135x750,17440485462,0,,Unknown
Andrew Smith,"319 Torres Ferry Medinaland, AZ 58293",+12640333810,19335689439,0,,Unknown
Nathan Mays,"4291 JENNIFER ISLAND APT. 481 WILLIAMSTOWN, NM 26538",814-481-5228x196,13553977534,0,,Unknown
Cindy Schwartz,"1488 ARELLANO HEIGHTS APT. 738 LAKE THOMASBOROUGH, OK 84308",159-381-4658,17721433681,0,,Unknown
Frederick White,"247 AMANDA CREST WEST JAMES, HI 56381",(768)913-0552,14429943418,0,,Unknown
Joseph Anderson,"PSC 0253, BOX 8423 APO AA 25268",183-362-7971x14206,19902202867,0,,Unknown
Thomas Fox,"6160 THERESA MOUNTAIN CHAVEZVILLE, NY 70628",001-957-919-7199x3558,12737067390,0,,Unknown
Amy Ellison,"141 MONICA MEADOW LAKE ANTHONY, NJ 67749",(586)218-4789,16509081556,0,,Unknown
Amanda Wilson,"0306 BROOKS WALKS SUITE 307 NORTH MICHAEL, MO 01389",910.774.3400,11013619967,0,,Unknown
Joshua Henderson,"25918 ANNETTE MOUNTAINS APT. 942 KRISTIFORT, OK 96635",105.439.7880x22751,17502807197,0,,Unknown
Chelsea Reilly,"68580 GILES PORTS APT. 548 AYALALAND, GA 39039",+10449531018,19316419842,0,,Unknown
Kaitlyn Nguyen,"PSC 2359, BOX 2612 APO AA 44641",044-332-4706x9478,12225741919,0,,Unknown
Yolanda Jones,"458 PHILLIP SPUR BRANDONVIEW, MN 77805",001-404-490-6878,15855153859,0,,Unknown
Daniel Carpenter,"6294 PATRICK DALE CAITLINCHESTER, TX 36535",001-673-479-9156x56361,13698093465,0,,Unknown
Emily Mckinney,"9647 SMITH RAPID NEW RICHARD, WA 18974",481-612-8026x9883,17082285122,0,,Unknown
Kathleen Warren,"743 ANTHONY ISLANDS SUITE 483 PORT TYLERBOROUGH, IA 71737",001-275-144-9179x516,19405345379,0,,Unknown
Christina Jones,"739 FRITZ PASSAGE SOUTH STEPHANIE, KS 29455",001-949-066-1141x8077,12280470696,0,,Unknown
Melanie Marshall,"4466 OLSEN CORNERS WEST DALTON, MD 45084",(839)045-9912,16842522863,0,,Unknown
Beth Gentry,"302 ROSE SPUR SUITE 600 SOUTH ANNAHAVEN, MT 59101",387.901.8705x51461,14457829430,0,,Unknown
Olivia Ferguson,"2730 TONYA COURT APT. 347 TIFFANYSTAD, ID 29484",(075)144-5700x057,17888747356,0,,Unknown
Stacy Cook,"301 MITCHELL VILLAGE EAST JEFFREYVIEW, IN 85814",9482848369,16339959885,0,,Unknown
Jerry Walters,"71210 Samuel Curve Suite 927 Patrickborough, KS 86442",347-023-5592x98192,16587754750,0,,Unknown
Erik Smith,USS BROWN FPO AP 49786,681.704.3949,15257598657,0,,Unknown
Daniel Dunn,"279 JAMIE RUE SUITE 393 EDWARDVILLE, MO 57628",2847633531,17092423438,0,,Unknown
Lisa West,"291 Brittany Crest Amandabury, NY 41622",312.761.8503,12257525422,0,,Unknown
Erica Williams,"6513 CLAUDIA LOOP TURNERFURT, AK 37878",+12978256171,13252932784,0,,Unknown
Jennifer Pittman,"0249 DAVID PIKE DAVISSHIRE, KY 12055",(623)037-1091x93386,18245730964,0,,Unknown
Victor Kirby,"9936 ALISHA STATION STEVENMOUTH, NY 36999",(762)568-7690x91337,12888258055,0,,Unknown
Erika Chavez,"595 DANIEL RAPIDS SUITE 647 WEST SHEILAVIEW, MS 14405",792.554.7430x382,18673311563,0,,Unknown
Shannon Gonzalez,UNIT 3135 BOX 4826 DPO AA 14587,890-951-8076,17131630827,0,,Unknown
Jeffrey Hale,"90198 JENNIFER MOUNTAIN LAKE MICHAEL, NV 27464",+13976386821,13980178326,0,,Unknown
Kristopher Ballard,"7308 MARTINEZ TRAFFICWAY APT. 764 GAYSIDE, FL 88433",9468409447,19399522368,0,,Unknown
Karina Velasquez,Unit 7854 Box 2426 DPO AP 53991,523.408.0034x6811,12589134028,0,,Unknown
Steven Valentine,"50929 ANDREA FERRY CONLEYCHESTER, LA 40136",743-852-1230,16465456563,0,,Unknown
Brittany Cooper,USNV JOHNSON FPO AP 33362,001-891-314-5697x62250,13104208733,0,,Unknown
Heidi King,"72613 MITCHELL ROW SUITE 546 EAST KATELYN, CA 72173",+12847966182,11100239465,0,,Unknown
Michael Harrison,"3926 JEFFREY PASSAGE LAKE MICHEAL, NE 06578",001-009-332-3265x515,17719414734,0,,Unknown
Linda Blankenship,"388 STEVEN JUNCTION DONALDLAND, AZ 33116",001-685-263-7329x52732,14378598236,0,,Unknown
Charles Murphy,"40533 ROWLAND CROSSING PORT CHRISTINESHIRE, GA 73928",001-923-614-7192x278,12821517445,0,,Unknown
Christian Harrington,UNIT 3948 BOX 1689 DPO AA 07341,(032)591-1521,12860444000,0,,Unknown
Elizabeth Foster,"01383 SARAH RIVER SOUTH SHARONMOUTH, CA 99041",637-059-1369x8964,17213939989,0,,Unknown
James Miller,"11710 SUSAN FERRY SOUTH KATHY, MO 58967",797-938-5675x49818,12833844903,0,,Unknown
David James,"PSC 7039, BOX 1450 APO AE 96188",095-174-1747,19736422635,0,,Unknown
Brenda Watson,"048 SHELBY HARBOR APT. 861 NEW JOHN, TN 56854",+11874482096,18570078333,0,,Unknown
Austin Chaney,"7433 GAINES UNDERPASS EAST LAURA, SD 81096",001-772-950-2212x002,15153143596,0,,Unknown
Abigail Espinoza,"6546 LAMB FORD SUITE 181 LAKE MICHAELLAND, ME 47971",058.809.2932,13073289151,0,,Unknown
Jason Keith,"0572 MICHAEL PLAINS DEREKCHESTER, UT 66060",401-549-3143x244,12730378179,0,,Unknown
Terry Thompson,"9564 RAMOS PLACE JACKSONLAND, MA 62482",+14381506064,14324047498,0,,Unknown
April Ruiz,"4556 DAVID EXTENSIONS APT. 482 PORT CAROLFURT, AR 78677",015.189.6579x55271,16784547907,0,,Unknown
Travis Jordan,"9400 Garza Union Adamfurt, TN 61053",5889376735,11817151629,0,,Unknown
Sherry Green,"769 DELGADO CRESCENT PORT RONALD, NJ 15305",001-438-530-7880x61228,18323548917,0,,Unknown
Derek Vaughn,UNIT 2302 BOX 5695 DPO AE 66709,001-263-944-5239,13069776966,0,,Unknown
William Gibson,"7696 BLACK CRESCENT CASEYTOWN, AR 98616",001-610-148-5611x23809,14293617158,0,,Unknown
Kimberly Bennett,"293 KIMBERLY MILLS SMITHFORT, OK 61928",001-579-064-8206x303,16329672331,0,,Unknown
Mercedes Ware,"50827 Le Coves Suite 895 West Walter, ID 30460",208-305-0513,14087194767,0,,Unknown
Justin Dennis,"6140 ELIZABETH GROVES SUITE 944 LAKE JENNIFERSIDE, OH 61962",503.594.5733x56175,12605715690,0,,Unknown
Angela Holland,"64933 MARK LODGE CAMERONVIEW, VA 56176",(583)785-0379,19581100912,0,,Unknown
